<?xml version='1.0'?>
<home version='6400' exportFlags='17' name='Načrt.sh3d' camera='topCamera' wallHeight='250.0'>
  <environment groundColor='00A8A8A8' skyColor='00CCE4FC' lightColor='00D0D0D0'/>
  <observerCamera attribute='observerCamera' lens='PINHOLE' x='160.22244' y='619.53345' z='170.0' yaw='10.616476' pitch='0.22579673' fieldOfView='1.0995575' time='1614168000000'/>
  <camera attribute='topCamera' lens='PINHOLE' x='1221.8419' y='573.9387' z='2373.6433' yaw='-174.31024' pitch='1.1357968' fieldOfView='1.0995575' time='1614168000000'/>
  <doorOrWindow catalogId='eTeks#roundDoorFrame' name='Round door frame' creator='eTeks' model='1' x='713.64636' y='362.2095' width='80.0' depth='7.50075' height='200.0' modelSize='4396' movable='false' cutOutShape='M0,1 v-0.8 a0.5,0.2 0 1,1 1,0 v0.8 z' wallCutOutOnBothSides='true'/>
  <doorOrWindow catalogId='eTeks#halfRoundWindow' name='Half round window' creator='eTeks' model='3' x='492.68835' y='361.98508' elevation='120.0' angle='6.283185' width='159.0' depth='7.50075' height='70.0' modelSize='8190' movable='false' cutOutShape='M0,1 a0.5,0.997 0 1,1 1,0 z' wallCutOutOnBothSides='true'/>
  <doorOrWindow catalogId='eTeks#doorFrame' name='Door frame' creator='eTeks' model='5' x='385.4623' y='255.28317' angle='4.712389' width='91.5' depth='9.50075' height='208.5' modelSize='1281' movable='false' cutOutShape='M0,0 v1 h1 v-1 z' wallCutOutOnBothSides='true'/>
  <pieceOfFurniture catalogId='eTeks#kitchenCabinet' name='Kitchen cabinet' creator='eTeks' model='7' x='778.9009' y='33.04288' width='29.0' depth='60.0' height='84.0' modelSize='11366' movable='false'>
    <material name='white'>
      <texture name='old-wooden-texture-background_41471-10628' width='300.0' height='199.84027' image='8'/>
    </material>
  </pieceOfFurniture>
  <pieceOfFurniture catalogId='eTeks#hood' name='Hood' creator='eTeks' model='10' x='488.63867' y='30.342878' elevation='156.0' width='60.0' depth='52.600002' height='94.0' modelSize='10536'/>
  <pieceOfFurniture catalogId='eTeks#kitchenUpperCabinet' name='Kitchen upper cabinet' creator='eTeks' model='12' x='675.0039' y='24.092894' elevation='181.0' width='60.0' depth='40.100002' height='50.0' modelSize='11850'>
    <material name='white'>
      <texture name='old-wooden-texture-background_41471-10628' width='300.0' height='199.84027' image='8'/>
    </material>
  </pieceOfFurniture>
  <pieceOfFurniture catalogId='eTeks#kitchenUpperCabinet' name='Kitchen upper cabinet' creator='eTeks' model='12' x='735.0039' y='24.092878' elevation='181.0' width='60.0' depth='40.100002' height='50.0' modelSize='11850'>
    <material name='white'>
      <texture name='old-wooden-texture-background_41471-10628' width='300.0' height='199.84027' image='8'/>
    </material>
  </pieceOfFurniture>
  <doorOrWindow catalogId='eTeks#doubleWindow126x123' name='Double small window' creator='eTeks' model='14' x='797.6355' y='202.52667' elevation='100.0' angle='1.5707964' width='132.0' depth='10.200749' height='134.0' color='FF020202' modelSize='13503' movable='false' cutOutShape='M0,0 v1 h1 v-1 z' wallCutOutOnBothSides='true'/>
  <pieceOfFurniture catalogId='eTeks#kitchenCabinet' name='Kitchen cabinet' creator='eTeks' model='7' x='488.97418' y='333.23505' angle='3.1415925' width='202.0' depth='50.0' height='85.0' modelSize='11366' movable='false'>
    <material name='white'>
      <texture name='old-wooden-texture-background_41471-10628' width='300.0' height='199.84027' image='8'/>
    </material>
  </pieceOfFurniture>
  <pieceOfFurniture catalogId='eTeks#fridgeFreezer' name='Fridge &amp; Freezer' creator='eTeks' model='16' x='351.7124' y='44.321777' width='60.0' depth='66.0' height='185.0' color='FF666666' modelSize='26363'/>
  <pieceOfFurniture catalogId='eTeks#bookcase' name='Bookcase' creator='eTeks' model='18' x='279.2124' y='149.10413' angle='4.712389' width='281.0' depth='34.0' height='211.0' modelSize='3516'>
    <material name='flbrown' color='FFFFFFFF'/>
  </pieceOfFurniture>
  <pieceOfFurniture catalogId='eTeks#kitchenCabinet' name='Kitchen cabinet' creator='eTeks' model='7' x='321.7124' y='337.23505' width='119.0' depth='42.0' height='85.0' modelSize='11366' movable='false'>
    <texture name='pine-wood-500x500' width='250.0' height='174.50009' image='19'/>
  </pieceOfFurniture>
  <pieceOfFurniture catalogId='eTeks#squareTable' name='Square table' creator='eTeks' model='21' x='657.9601' y='549.3601' width='173.0' depth='154.0' height='74.0' modelSize='3045'>
    <texture name='wood-BG-3' width='500.0' height='243.188' image='22'/>
  </pieceOfFurniture>
  <pieceOfFurniture catalogId='eTeks#chair2' name='Chair' creator='eTeks' model='24' x='627.538' y='449.7448' width='48.600002' depth='49.9' height='80.0' color='FF666666' modelSize='16429'/>
  <pieceOfFurniture catalogId='eTeks#chair2' name='Chair' creator='eTeks' model='24' x='697.3487' y='449.74487' width='48.600002' depth='49.9' height='80.0' color='FF666666' modelSize='16429'/>
  <pieceOfFurniture catalogId='eTeks#sofa2' name='Sofa' creator='eTeks' model='26' x='770.4412' y='571.7251' angle='1.56591' width='207.0' depth='53.0' height='88.0' modelSize='55383'>
    <texture name='kunna' width='400.0' height='275.3684' image='27'/>
  </pieceOfFurniture>
  <pieceOfFurniture catalogId='eTeks#sofa2' name='Sofa' creator='eTeks' model='26' x='660.7085' y='650.8601' angle='3.1415927' width='273.0' depth='49.0' height='88.0' modelSize='55383'>
    <texture name='kunna' width='400.0' height='275.3684' image='27'/>
  </pieceOfFurniture>
  <pieceOfFurniture catalogId='eTeks#texturableBox' name='Box' creator='eTeks' model='29/texturableBox.obj' x='528.2965' y='540.0703' width='40.0' depth='130.0' height='50.0' shininess='0.0' modelSize='1661'>
    <texture name='kunna' width='400.0' height='275.3684' image='27'/>
  </pieceOfFurniture>
  <pieceOfFurniture catalogId='eTeks#glassDoorCabinet' name='Glass door cabinet' creator='eTeks' model='31' x='392.63782' y='651.36005' angle='3.1415927' width='120.0' depth='48.0' height='100.0' modelSize='44252'>
    <texture name='pine-wood-500x500' width='250.0' height='174.50009' image='19'/>
  </pieceOfFurniture>
  <doorOrWindow catalogId='eTeks#roundDoorFrame' name='Round door frame' creator='eTeks' model='1' x='258.46237' y='583.4721' angle='1.5707964' width='80.0' depth='7.50075' height='200.0' modelSize='4396' movable='false' cutOutShape='M0,1 v-0.8 a0.5,0.2 0 1,1 1,0 v0.8 z' wallCutOutOnBothSides='true'>
    <texture name='mm' width='100.0' height='188.72284' image='32'/>
  </doorOrWindow>
  <pieceOfFurniture catalogId='eTeks#flatTV' name='Flat TV' creator='eTeks' model='34' x='262.68002' y='474.0783' elevation='120.0' angle='4.712389' width='82.0' depth='0.1' depthInPlan='0.100000024' height='79.3' modelSize='13041'/>
  <pieceOfFurniture catalogId='eTeks#spiralStaircase' name='Spiral staircase' creator='eTeks' model='36' x='129.00337' y='373.03192' angle='1.5707963' width='212.0' depth='245.0' height='350.0' modelSize='36584' movable='false' staircaseCutOutShape='M0.71077,0.94769 L0.5,0.5 h0.5 A0.5,0.5 0 1,0 0.71077,0.94769 z'>
    <material name='amber'>
      <texture name='Beige tiles' creator='eTeks' catalogId='eTeks#wallBeigeTile' width='20.0' height='31.5' image='37'/>
    </material>
    <material name='dkdkgrey' color='FFFFEEC4'/>
    <material name='dkgrey' color='FFFFEEC4'/>
    <material name='grey' color='FFFFEEC4'/>
    <material name='lighttan' color='FFFFEEC4'/>
  </pieceOfFurniture>
  <doorOrWindow catalogId='eTeks#door' name='Door' creator='eTeks' model='39' x='257.81485' y='734.3195' angle='1.5707964' width='91.5' depth='14.500751' height='208.5' color='FF525252' modelSize='14086' movable='false' cutOutShape='M0,0 v1 h1 v-1 z' wallCutOutOnBothSides='true'/>
  <doorOrWindow catalogId='eTeks#door' name='Door' creator='eTeks' model='39' x='449.81485' y='729.6557' angle='1.5707964' width='91.5' depth='14.500751' height='208.5' color='FF525252' modelSize='14086' movable='false' cutOutShape='M0,0 v1 h1 v-1 z' wallCutOutOnBothSides='true'/>
  <doorOrWindow catalogId='eTeks#roundDoorFrame' name='Round door frame' creator='eTeks' model='1' x='157.70654' y='784.11005' width='96.0' depth='7.50075' height='200.0' modelSize='4396' movable='false' cutOutShape='M0,1 v-0.8 a0.5,0.2 0 1,1 1,0 v0.8 z' wallCutOutOnBothSides='true'/>
  <doorOrWindow catalogId='eTeks#doubleWindow126x123' name='Double small window' creator='eTeks' model='14' x='258.96478' y='910.80804' elevation='87.0' angle='1.5707964' width='132.0' depth='10.200749' height='139.0' modelSize='13503' movable='false' cutOutShape='M0,0 v1 h1 v-1 z' wallCutOutOnBothSides='true'/>
  <doorOrWindow catalogId='eTeks#doubleWindow126x163' name='Double window' creator='eTeks' model='41' x='-175.98221' y='1149.5529' angle='3.1451204' width='141.0' depth='10.200749' height='250.0' modelSize='13650' movable='false' cutOutShape='M0,0 v1 h1 v-1 z' wallCutOutOnBothSides='true'/>
  <doorOrWindow catalogId='eTeks#doubleWindow126x163' name='Double window' creator='eTeks' model='41' x='-44.559254' y='1150.0165' angle='3.1451204' width='132.0' depth='10.200749' height='250.0' modelSize='13650' movable='false' cutOutShape='M0,0 v1 h1 v-1 z' wallCutOutOnBothSides='true'/>
  <doorOrWindow catalogId='eTeks#doubleWindow126x163' name='Double window' creator='eTeks' model='41' x='87.439926' y='1150.4822' angle='3.1451204' width='132.0' depth='10.200749' height='250.0' modelSize='13650' movable='false' cutOutShape='M0,0 v1 h1 v-1 z' wallCutOutOnBothSides='true'/>
  <pieceOfFurniture catalogId='eTeks#dresser' name='Dresser' creator='eTeks' model='43' x='-175.34912' y='809.86005' width='235.0' depth='44.0' height='64.700005' modelSize='22106'>
    <texture name='ff3b5c6f6f7fd8bb4d295975a82c32bc' width='300.0' height='200.00002' image='44'/>
  </pieceOfFurniture>
  <pieceOfFurniture catalogId='eTeks#filledBookcase' name='Filled bookcase' creator='eTeks' model='46' x='-332.0315' y='809.46' width='85.5' depth='43.2' height='180.0' modelSize='50961'>
    <material name='lighttan2'>
      <texture name='ff3b5c6f6f7fd8bb4d295975a82c32bc' width='300.0' height='200.00002' image='44'/>
    </material>
  </pieceOfFurniture>
  <pieceOfFurniture catalogId='eTeks#filledBookcase' name='Filled bookcase' creator='eTeks' model='46' x='-18.678478' y='809.7601' width='87.9' depth='43.8' height='180.0' modelSize='50961'>
    <material name='lighttan2'>
      <texture name='ff3b5c6f6f7fd8bb4d295975a82c32bc' width='300.0' height='200.00002' image='44'/>
    </material>
  </pieceOfFurniture>
  <pieceOfFurniture catalogId='eTeks#flatTV' name='Flat TV' creator='eTeks' model='34' x='-177.15228' y='808.2985' elevation='64.700005' width='121.0' depth='30.0' height='79.3' modelSize='13041'/>
  <pieceOfFurniture catalogId='eTeks#texturableBox' name='Box' creator='eTeks' model='29/texturableBox.obj' x='-174.22849' y='809.36005' elevation='180.0' width='399.0' depth='43.0' height='50.0' modelSize='1661'>
    <texture name='ff3b5c6f6f7fd8bb4d295975a82c32bc' width='300.0' height='200.00002' image='44'/>
  </pieceOfFurniture>
  <pieceOfFurniture catalogId='eTeks#plant' name='Plant' creator='eTeks' model='48' x='213.56479' y='824.8604' width='86.0' depth='74.0' height='150.0' modelSize='113183'/>
  <doorOrWindow catalogId='eTeks#doubleWindow126x123' name='Double small window' creator='eTeks' model='14' x='801.70667' y='503.17896' elevation='100.0' angle='4.707503' width='132.0' depth='10.200749' height='134.0' color='FF080808' modelSize='13503' movable='false' cutOutShape='M0,0 v1 h1 v-1 z' wallCutOutOnBothSides='true'/>
  <pieceOfFurniture catalogId='eTeks#curtains' name='Curtains' creator='eTeks' model='50/curtains.obj' x='780.7315' y='507.27362' elevation='100.0' angle='1.56591' width='150.0' depth='22.9' height='150.0' modelSize='38679'>
    <texture name='Beige tiles' creator='eTeks' catalogId='eTeks#beigeTile' width='20.0' height='20.0' image='51'/>
  </pieceOfFurniture>
  <pieceOfFurniture catalogId='eTeks#curtains' name='Curtains' creator='eTeks' model='50/curtains.obj' x='776.78546' y='202.4823' elevation='100.0' angle='1.5707964' width='150.0' depth='22.9' height='150.0' modelSize='38679'>
    <texture name='Beige tiles' creator='eTeks' catalogId='eTeks#beigeTile' width='20.0' height='20.0' image='51'/>
  </pieceOfFurniture>
  <light catalogId='eTeks#wallUplight' name='Wall uplight' creator='eTeks' model='53' x='-203.75262' y='818.7166' elevation='165.0' width='24.0' depth='12.0' height='26.0' modelSize='5211'/>
  <light catalogId='eTeks#wallUplight' name='Wall uplight' creator='eTeks' model='53' x='-245.01587' y='818.7166' elevation='165.0' width='24.0' depth='12.0' height='26.0' modelSize='5211'/>
  <light catalogId='eTeks#wallUplight' name='Wall uplight' creator='eTeks' model='53' x='-162.48944' y='820.8885' elevation='165.0' width='24.0' depth='12.0' height='26.0' modelSize='5211'/>
  <light catalogId='eTeks#wallUplight' name='Wall uplight' creator='eTeks' model='53' x='-119.14935' y='821.9743' elevation='165.0' width='24.0' depth='12.0' height='26.0' modelSize='5211'/>
  <light catalogId='eTeks#pendantLamp' name='Pendant lamp' creator='eTeks' model='55' x='609.10754' y='550.61646' elevation='130.0' width='40.0' depth='40.0' height='120.0' modelSize='15723'/>
  <light catalogId='eTeks#pendantLamp' name='Pendant lamp' creator='eTeks' model='55' x='664.76404' y='550.61646' elevation='130.0' width='40.0' depth='40.0' height='120.0' modelSize='15723'/>
  <light catalogId='eTeks#pendantLamp' name='Pendant lamp' creator='eTeks' model='55' x='718.2488' y='551.70233' elevation='130.0' width='40.0' depth='40.0' height='120.0' modelSize='15723'/>
  <light catalogId='eTeks#wallUplight' name='Wall uplight' creator='eTeks' model='53' x='375.7124' y='116.72656' elevation='165.0' angle='1.5707964' width='24.0' depth='12.0' height='26.0' modelSize='5211'/>
  <light catalogId='eTeks#wallUplight' name='Wall uplight' creator='eTeks' model='53' x='375.7124' y='166.67676' elevation='165.0' angle='1.5707964' width='24.0' depth='12.0' height='26.0' modelSize='5211'/>
  <light catalogId='eTeks#wallUplight' name='Wall uplight' creator='eTeks' model='53' x='268.2124' y='324.1286' elevation='200.0' angle='4.712389' width='24.0' depth='12.0' height='26.0' modelSize='5211'/>
  <light catalogId='eTeks#floorUplight' name='Floor uplight' creator='eTeks' model='57' x='199.2633' y='1112.6299' width='33.0' depth='33.0' height='181.0' modelSize='19627'/>
  <pieceOfFurniture catalogId='eTeks#texturableBox' name='Box' creator='eTeks' model='29/texturableBox.obj' x='77.529205' y='509.53192' width='83.5' depth='61.0' height='45.0' modelSize='1661'>
    <texture name='pine-wood-500x500' width='250.0' height='174.50009' image='19'/>
  </pieceOfFurniture>
  <doorOrWindow catalogId='eTeks#door' name='Door' creator='eTeks' model='39' x='-1.162363' y='238.10962' angle='1.5707964' width='91.5' depth='14.500751' height='208.5' modelSize='14086' movable='false' cutOutShape='M0,0 v1 h1 v-1 z' wallCutOutOnBothSides='true'>
    <texture name='55' width='300.0' height='225.0' image='58'/>
  </doorOrWindow>
  <doorOrWindow catalogId='eTeks#openDoor' name='Open door' creator='eTeks' model='60' x='-186.47923' y='521.2653' angle='1.5707964' width='91.5' depth='68.0' height='208.5' modelSize='14055' movable='false' cutOutShape='M0,0 v1 h1 v-1 z' wallCutOutOnBothSides='true'>
    <texture name='55' width='300.0' height='225.0' image='58'/>
  </doorOrWindow>
  <pieceOfFurniture catalogId='eTeks#chest' name='Chest' creator='eTeks' model='62' x='187.50363' y='511.03192' width='136.0' depth='64.0' height='80.0' modelSize='52875'>
    <texture name='pine-wood-500x500' width='250.0' height='174.50009' image='19'/>
  </pieceOfFurniture>
  <doorOrWindow catalogId='eTeks#openDoor' name='Open door' creator='eTeks' model='60' x='-69.73102' y='113.86042' angle='3.1415927' width='91.5' depth='68.0' height='208.5' modelSize='14055' movable='false' cutOutShape='M0,0 v1 h1 v-1 z' wallCutOutOnBothSides='true'>
    <texture name='55' width='300.0' height='225.0' image='58'/>
  </doorOrWindow>
  <doorOrWindow catalogId='eTeks#window85x163' name='Window' creator='eTeks' model='64' x='-266.82437' y='-13.058381' elevation='100.0' angle='1.5858225' width='120.0' depth='10.200749' height='120.0' color='FF0C0C0C' modelSize='8910' movable='false' cutOutShape='M0,0 v1 h1 v-1 z' wallCutOutOnBothSides='true'/>
  <pieceOfFurniture catalogId='eTeks#chest' name='Chest' creator='eTeks' model='62' x='234.56479' y='-85.457085' angle='1.5707964' width='36.0' depth='44.0' height='50.0' modelSize='52875'>
    <material name='amber'>
      <texture name='123' width='300.0' height='200.10002' image='65'/>
    </material>
  </pieceOfFurniture>
  <pieceOfFurniture catalogId='eTeks#chest' name='Chest' creator='eTeks' model='62' x='232.71239' y='99.261314' angle='1.5707963' width='36.0' depth='44.0' height='50.0' modelSize='52875'>
    <texture name='123' width='300.0' height='200.10002' image='65'/>
  </pieceOfFurniture>
  <pieceOfFurniture catalogId='eTeks#wardrobe' name='Wardrobe' creator='eTeks' model='67' x='-190.77919' y='114.006226' angle='3.1415927' width='125.5' depth='50.0' height='250.0' modelSize='23218'>
    <material name='white'>
      <texture name='123' width='300.0' height='200.10002' image='65'/>
    </material>
  </pieceOfFurniture>
  <pieceOfFurniture catalogId='eTeks#frame' name='Frame' creator='eTeks' model='69/frame.obj' x='85.60001' y='-96.34532' elevation='150.0' angle='6.272914' width='176.0' depth='2.0' height='80.0' modelSize='3155'>
    <material name='Frame' color='FF0C0C0C'/>
    <material name='Picture'>
      <texture name='22' width='370.0' height='251.97005' image='70'/>
    </material>
  </pieceOfFurniture>
  <pieceOfFurniture catalogId='eTeks#desk' name='Desk' creator='eTeks' model='72' x='-131.41624' y='-72.61481' angle='6.272914' width='145.0' depth='45.0' height='77.0' modelSize='16760'>
    <material name='archwhite2' color='FF666666'/>
    <material name='lighttan'>
      <texture name='123' width='300.0' height='200.10002' image='65'/>
    </material>
  </pieceOfFurniture>
  <pieceOfFurniture catalogId='eTeks#wardrobe' name='Wardrobe' creator='eTeks' model='67' x='-126.47961' y='683.0859' angle='4.712389' width='100.0' depth='54.0' height='250.0' modelSize='23218'>
    <texture name='pine-wood-500x500' width='250.0' height='174.50009' image='19'/>
  </pieceOfFurniture>
  <pieceOfFurniture catalogId='eTeks#wardrobe' name='Wardrobe' creator='eTeks' model='67' x='-54.479614' y='754.80255' angle='3.1415927' width='198.0' depth='50.0' height='250.0' modelSize='23218'>
    <texture name='pine-wood-500x500' width='250.0' height='174.50009' image='19'/>
  </pieceOfFurniture>
  <doorOrWindow catalogId='eTeks#doubleWindow126x123' name='Double small window' creator='eTeks' model='14' x='632.5277' y='680.4601' elevation='87.0' angle='1.1283969E-7' width='132.0' depth='10.200749' height='134.0' modelSize='13503' movable='false' cutOutShape='M0,0 v1 h1 v-1 z' wallCutOutOnBothSides='true'>
    <material name='white' color='FF0C0C0C'/>
  </doorOrWindow>
  <pieceOfFurniture catalogId='eTeks#curtains' name='Curtains' creator='eTeks' model='50/curtains.obj' x='632.01294' y='659.9949' elevation='100.0' angle='3.1415927' width='150.0' depth='22.9' height='150.0' modelSize='38679'>
    <texture name='Beige tiles' creator='eTeks' catalogId='eTeks#beigeTile' width='20.0' height='20.0' image='51'/>
  </pieceOfFurniture>
  <pieceOfFurniture name='tourRangeCD' model='74/tourRangeCD.obj' x='103.166046' y='130.86005' angle='3.1415927' width='19.9' depth='17.0' height='200.0' modelSize='40783'>
    <texture name='123' width='300.0' height='200.10002' image='65'/>
  </pieceOfFurniture>
  <pieceOfFurniture name='tourRangeCD' model='74/tourRangeCD.obj' x='123.06605' y='130.86005' angle='3.1415927' width='19.9' depth='17.0' height='200.0' modelSize='40783'>
    <texture name='123' width='300.0' height='200.10002' image='65'/>
  </pieceOfFurniture>
  <pieceOfFurniture name='angolo198W' model='76/angolo198W.obj' x='47.771523' y='810.36005' width='45.0' depth='45.0' height='230.0' modelSize='50021'>
    <texture name='ff3b5c6f6f7fd8bb4d295975a82c32bc' width='300.0' height='200.00002' image='44'/>
  </pieceOfFurniture>
  <pieceOfFurniture name='lit' model='78/lit.obj' x='147.21237' y='7.5429153' angle='1.5707964' width='150.0' depth='215.0' depthInPlan='215.00002' height='78.48381' modelSize='48315'>
    <material name='tissu'>
      <texture name='Beige tiles' creator='eTeks' catalogId='eTeks#beigeTile' width='20.0' height='20.0' image='51'/>
    </material>
    <material name='wenge' color='FF0C0C0C'/>
  </pieceOfFurniture>
  <pieceOfFurniture name='portemanteaux2' model='80/portemanteaux2.obj' x='79.122314' y='757.36005' width='46.0' depth='46.0' height='161.825' modelSize='538380'/>
  <pieceOfFurniture name='curvedTVForTable' model='82/curvedTVForTable.obj' x='-128.90045' y='-77.76416' elevation='77.0' width='126.286' depth='18.099972' height='79.9' modelSize='17537'/>
  <pieceOfFurniture name='luc' model='84/lamp2.obj' x='235.76479' y='-77.87402' elevation='50.0' width='41.6' depth='41.6' height='68.636' modelSize='1852962'/>
  <pieceOfFurniture name='luc' model='84/lamp2.obj' x='233.91238' y='99.05968' elevation='50.0' angle='1.5707963' width='41.600002' depth='41.600002' height='68.6' modelSize='1852962'/>
  <pieceOfFurniture name='radiateur' model='86/radiateur.obj' x='792.6139' y='325.1152' width='6.0' depth='50.2' height='164.4' modelSize='43047'/>
  <pieceOfFurniture name='2GlassDoorCabinet' model='88/2GlassDoorCabinet.obj' x='779.5039' y='80.435394' elevation='145.0' angle='1.5707964' width='80.0' depth='29.0' height='86.0' modelSize='362328'>
    <material name='Woodenhandle'>
      <texture name='old-wooden-texture-background_41471-10628' width='300.0' height='199.84027' image='8'/>
    </material>
    <material name='wood'>
      <texture name='old-wooden-texture-background_41471-10628' width='300.0' height='199.84027' image='8'/>
    </material>
  </pieceOfFurniture>
  <pieceOfFurniture name='upperCabinet2' model='90/upperCabinet2.obj' x='410.7124' y='163.2504' elevation='190.0' angle='4.712389' width='74.0' depth='43.0' height='50.0' modelSize='5252'>
    <material name='grey'>
      <texture name='old-wooden-texture-background_41471-10628' width='300.0' height='199.84027' image='8'/>
    </material>
    <material name='white'>
      <texture name='old-wooden-texture-background_41471-10628' width='300.0' height='199.84027' image='8'/>
    </material>
  </pieceOfFurniture>
  <pieceOfFurniture name='oven_Scene' model='92/oven_Scene.obj' x='0.29999998' y='0.31201053' width='0.59999996' depth='0.62402105' height='0.56650096' modelSize='10022'/>
  <pieceOfFurniture name='oven_Scene' model='92/oven_Scene.obj' x='410.7124' y='161.00497' elevation='85.0' angle='4.712389' width='81.0' depth='43.0' height='70.0' modelSize='10022'/>
  <pieceOfFurniture name='flowers' model='94/flowers.obj' x='389.15472' y='649.6957' elevation='100.0' width='39.267' depth='29.914001' height='93.841' modelSize='538273'/>
  <pieceOfFurniture name='rideau' model='96/rideau.obj' x='-249.53287' y='-66.4692' angle='1.5707964' width='50.0' depth='22.0' height='225.0' modelMirrored='true' modelSize='42857'/>
  <pieceOfFurniture name='rideau' model='96/rideau.obj' x='-250.85838' y='36.163383' angle='1.5707964' width='50.0' depth='22.0' height='225.0' modelSize='42857'/>
  <pieceOfFurniture name='rideau' model='96/rideau.obj' x='-249.53287' y='-66.4692' angle='1.5707964' width='50.0' depth='22.0' height='225.0' modelSize='42857'/>
  <pieceOfFurniture name='rideau' model='96/rideau.obj' x='-242.84438' y='1125.9187' elevation='32.6' width='50.0' depth='22.0' height='217.0' modelSize='42857'>
    <texture name='61JDLivu8uL._AC_SX522_' width='300.0' height='257.47128' image='97'/>
  </pieceOfFurniture>
  <pieceOfFurniture name='rideau' model='96/rideau.obj' x='-99.10458' y='1133.6833' elevation='32.600002' width='50.0' depth='22.0' height='217.0' modelSize='42857'>
    <texture name='61JDLivu8uL._AC_SX522_' width='300.0' height='257.47128' image='97'/>
  </pieceOfFurniture>
  <pieceOfFurniture name='rideau' model='96/rideau.obj' x='146.6518' y='1128.4315' width='50.0' depth='22.0' height='250.0' modelSize='42857'>
    <texture name='61JDLivu8uL._AC_SX522_' width='300.0' height='257.47128' image='97'/>
  </pieceOfFurniture>
  <pieceOfFurniture name='rideau' model='96/rideau.obj' x='31.064856' y='1129.3175' elevation='32.600002' angle='3.1451204' width='50.0' depth='22.0' height='217.0' modelSize='42857'>
    <texture name='61JDLivu8uL._AC_SX522_' width='300.0' height='257.47128' image='97'/>
  </pieceOfFurniture>
  <pieceOfFurniture name='fireplace2' model='99/fireplace2.obj' x='333.0' y='388.19992' width='121.03639' depth='44.929672' height='249.99997' modelSize='285082'/>
  <pieceOfFurniture name='potplant2' model='101/potplant2.obj' x='488.9892' y='385.23508' width='62.0' depth='39.0' depthInPlan='38.999996' height='85.4' modelSize='367435'/>
  <pieceOfFurniture name='tubular_chair' model='103/tubular_chair.obj' x='-121.98185' y='-26.266853' angle='3.6651917' width='53.18291' depth='49.861374' height='81.42042' modelSize='163637'/>
  <pieceOfFurniture name='table-with-leaning-feet' model='105/table-with-leaning-feet.obj' x='-228.32892' y='981.30023' width='132.0' depth='52.0' height='30.0' modelSize='121503'>
    <texture name='55' width='300.0' height='225.0' image='58'/>
  </pieceOfFurniture>
  <pieceOfFurniture name='paperTowelHolder' model='107/paperTowelHolder.obj' x='547.70605' y='23.046295' elevation='85.0' width='16.0' depth='16.0' height='29.189' modelSize='116545'/>
  <pieceOfFurniture name='ficus' model='109/ficus.obj' x='-117.479614' y='599.0859' width='72.0' depth='68.0' height='200.0' modelSize='3740737'/>
  <pieceOfFurniture name='couch2' model='111/couch2.obj' x='-187.7085' y='1041.2039' angle='3.1415927' width='417.0' depth='206.0' height='86.59381' modelSize='200540'>
    <texture name='225820_3' width='400.0' height='269.87952' image='112'/>
  </pieceOfFurniture>
  <pieceOfFurniture name='silla2' model='114/silla2.obj' x='779.6635' y='268.548' angle='1.5707964' width='32.633923' depth='31.143946' height='85.0' color='FF0C0C0C' modelSize='434351'/>
  <pieceOfFurniture name='kitchenDrawersCabinet' model='116/kitchenDrawersCabinet.obj' x='773.7355' y='82.54288' angle='1.5707964' width='39.0' depth='43.0' height='87.80355' modelSize='368758'>
    <material name='Cupboard-units' color='FF9C9C9C'/>
    <material name='Metal-Handles' color='FFFFFFFF'/>
    <material name='Wood-top-suround' color='FFDEDEDE'/>
    <material name='Worktops-main' color='FFDEDEDE'/>
  </pieceOfFurniture>
  <pieceOfFurniture name='kitchenLowerCabinet' model='118/kitchenLowerCabinet.obj' x='498.00665' y='34.04291' width='97.58853' depth='60.0' height='90.0' modelSize='89976'>
    <material name='Cupboard-units'>
      <texture name='old-wooden-texture-background_41471-10628' width='300.0' height='199.84027' image='8'/>
    </material>
    <material name='Wood-top-suround'>
      <texture name='old-wooden-texture-background_41471-10628' width='300.0' height='199.84027' image='8'/>
    </material>
    <material name='Worktops-main' color='FFDEDEDE'/>
  </pieceOfFurniture>
  <pieceOfFurniture name='lowerCornerCabinet' model='120/lowerCornerCabinet.obj' x='419.2124' y='44.543888' angle='4.712389' width='81.002' depth='60.0' height='85.0' modelSize='94700'>
    <material name='cabinetBaseboard'>
      <texture name='old-wooden-texture-background_41471-10628' width='300.0' height='199.84027' image='8'/>
    </material>
    <material name='cabinetBody'>
      <texture name='old-wooden-texture-background_41471-10628' width='300.0' height='199.84027' image='8'/>
    </material>
    <material name='cabinetDoor'>
      <texture name='old-wooden-texture-background_41471-10628' width='300.0' height='199.84027' image='8'/>
    </material>
    <material name='cabinetDoorBorder'>
      <texture name='old-wooden-texture-background_41471-10628' width='300.0' height='199.84027' image='8'/>
    </material>
    <material name='counter' color='FFDEDEDE'/>
    <material name='counterBorder' color='FFDEDEDE'/>
  </pieceOfFurniture>
  <pieceOfFurniture name='kitchenUpperCabinet' model='122/kitchenUpperCabinet.obj' x='590.28674' y='22.498604' elevation='155.0' width='109.43435' depth='36.911404' height='78.0' modelSize='56106'>
    <material name='Cupboard-units'>
      <texture name='old-wooden-texture-background_41471-10628' width='300.0' height='199.84027' image='8'/>
    </material>
  </pieceOfFurniture>
  <pieceOfFurniture name='induction-cooker-4-zones' model='124/induction-cooker-4-zones.obj' x='487.93335' y='39.984222' elevation='90.0' width='56.0' depth='49.5' height='0.4' modelSize='33570'/>
  <pieceOfFurniture name='kitchenLowerCabinet' model='118/kitchenLowerCabinet.obj' x='595.6009' y='34.042904' width='97.6' depth='60.0' height='90.0' modelSize='89976'>
    <material name='Cupboard-units'>
      <texture name='old-wooden-texture-background_41471-10628' width='300.0' height='199.84027' image='8'/>
    </material>
    <material name='Wood-top-suround'>
      <texture name='old-wooden-texture-background_41471-10628' width='300.0' height='199.84027' image='8'/>
    </material>
    <material name='Worktops-main' color='FFDEDEDE'/>
  </pieceOfFurniture>
  <pieceOfFurniture catalogId='eTeks#sink' name='Sink' creator='eTeks' model='126' x='704.4009' y='34.042877' width='120.0' depth='60.0' height='105.0' modelSize='41849' movable='false'>
    <material name='silver' color='FFDEDEDE'/>
    <material name='white'>
      <texture name='old-wooden-texture-background_41471-10628' width='300.0' height='199.84027' image='8'/>
    </material>
  </pieceOfFurniture>
  <pieceOfFurniture name='kitchenDrawersCabinet' model='116/kitchenDrawersCabinet.obj' x='773.7355' y='121.54288' angle='1.5707964' width='39.0' depth='43.0' height='87.8' modelSize='368758'>
    <material name='Cupboard-units'>
      <texture name='old-wooden-texture-background_41471-10628' width='300.0' height='199.84027' image='8'/>
    </material>
    <material name='Metal-Handles' color='FF9C9C9C'/>
    <material name='Wood-top-suround' color='FFDEDEDE'/>
    <material name='Worktops-main' color='FFDEDEDE'/>
  </pieceOfFurniture>
  <pieceOfFurniture name='kitchenDrawersCabinet' model='116/kitchenDrawersCabinet.obj' x='773.7355' y='156.81241' angle='1.5707964' width='39.0' depth='43.0' height='87.8' modelSize='368758'>
    <material name='Cupboard-units'>
      <texture name='old-wooden-texture-background_41471-10628' width='300.0' height='199.84027' image='8'/>
    </material>
    <material name='Metal-Handles' color='FF9C9C9C'/>
    <material name='Wood-top-suround' color='FFDEDEDE'/>
    <material name='Worktops-main' color='FFDEDEDE'/>
  </pieceOfFurniture>
  <pieceOfFurniture name='kitchenDrawersCabinet' model='116/kitchenDrawersCabinet.obj' x='773.7355' y='195.81241' angle='1.5707964' width='39.0' depth='43.0' height='87.8' modelSize='368758'>
    <material name='Cupboard-units'>
      <texture name='old-wooden-texture-background_41471-10628' width='300.0' height='199.84027' image='8'/>
    </material>
    <material name='Metal-Handles' color='FF9C9C9C'/>
    <material name='Wood-top-suround' color='FFDEDEDE'/>
    <material name='Worktops-main' color='FFDEDEDE'/>
  </pieceOfFurniture>
  <pieceOfFurniture name='kitchenDrawersCabinet' model='116/kitchenDrawersCabinet.obj' x='773.7355' y='226.71313' angle='1.5707964' width='39.0' depth='43.0' height='87.8' modelSize='368758'>
    <material name='Cupboard-units'>
      <texture name='old-wooden-texture-background_41471-10628' width='300.0' height='199.84027' image='8'/>
    </material>
    <material name='Metal-Handles' color='FF9C9C9C'/>
    <material name='Wood-top-suround' color='FFDEDEDE'/>
    <material name='Worktops-main' color='FFDEDEDE'/>
  </pieceOfFurniture>
  <pieceOfFurniture name='kitchenDrawersCabinet' model='116/kitchenDrawersCabinet.obj' x='410.7124' y='104.38687' angle='4.712389' width='39.0' depth='43.0' height='90.0' modelSize='368758'>
    <material name='Cupboard-units'>
      <texture name='old-wooden-texture-background_41471-10628' width='300.0' height='199.84027' image='8'/>
    </material>
    <material name='Metal-Handles' color='FF9C9C9C'/>
    <material name='Worktops-main' color='FFDEDEDE'/>
  </pieceOfFurniture>
  <pieceOfFurniture name='kitchenDrawersCabinet' model='116/kitchenDrawersCabinet.obj' x='410.7124' y='143.38687' angle='4.712389' width='39.0' depth='43.0' height='90.0' modelSize='368758'>
    <material name='Cupboard-units'>
      <texture name='old-wooden-texture-background_41471-10628' width='300.0' height='199.84027' image='8'/>
    </material>
    <material name='Metal-Handles' color='FF9C9C9C'/>
    <material name='Worktops-main' color='FFDEDEDE'/>
  </pieceOfFurniture>
  <pieceOfFurniture name='kitchenDrawersCabinet' model='116/kitchenDrawersCabinet.obj' x='410.7124' y='182.38687' angle='4.712389' width='39.0' depth='43.0' height='90.0' modelSize='368758'>
    <material name='Cupboard-units'>
      <texture name='old-wooden-texture-background_41471-10628' width='300.0' height='199.84027' image='8'/>
    </material>
    <material name='Metal-Handles' color='FF9C9C9C'/>
    <material name='Worktops-main' color='FFDEDEDE'/>
  </pieceOfFurniture>
  <pieceOfFurniture name='breadBox' model='128/breadBox.obj' x='326.98453' y='335.7702' elevation='85.0' angle='3.1415927' width='56.2' depth='27.5' height='27.5' modelSize='291189'/>
  <pieceOfFurniture name='wardrobe1' model='130/wardrobe1.obj' x='-276.2379' y='738.6364' angle='3.1415927' width='223.0' depth='74.0' height='230.0' modelSize='181663'>
    <material name='madera_armario2_rojiza.jpg.001' color='FF3F1200'/>
  </pieceOfFurniture>
  <pieceOfFurniture name='small-urinal' model='132/small-urinal.obj' x='-370.35638' y='589.15125' elevation='70.0' angle='4.712389' width='56.0' depth='45.0' height='61.761444' modelSize='88028'/>
  <pieceOfFurniture name='toilet_hang_round' model='134/toilet_hang_round.obj' x='-358.85638' y='468.7461' angle='4.712389' width='50.0' depth='68.0' height='82.00001' modelSize='61244'/>
  <pieceOfFurniture name='bathroomRadiator' model='136/bathroomRadiator.obj' x='-382.35638' y='374.1056' elevation='10.0' angle='4.712389' width='83.0' depth='21.0' height='200.0' modelSize='339829'/>
  <pieceOfFurniture name='bathroom-tissue' model='138/bathroom-tissue.obj' x='-380.35638' y='529.9732' elevation='70.0' angle='4.712389' width='34.0' widthInPlan='34.000004' depth='25.0' depthInPlan='25.000006' height='0.2' heightInPlan='0.20000002' modelSize='172828'/>
  <pieceOfFurniture name='double_vanity' model='140/double_vanity.obj' x='-194.97913' y='356.5219' angle='1.5707964' width='185.22299' depth='67.999' height='225.35901' modelSize='1050848'>
    <material name='Material.001' color='FF3F1200'/>
    <material name='dark_wood_dark_wood.jpg' color='FF3F1200'/>
  </pieceOfFurniture>
  <pieceOfFurniture name='toiletBrush' model='142/toiletBrush.obj' x='-377.85638' y='425.6056' angle='4.712389' width='20.0' depth='30.0' height='38.576' modelSize='607256'>
    <material name='chrome.001' color='FF020202'/>
  </pieceOfFurniture>
  <pieceOfFurniture name='towel2' model='144/towel2.obj' x='-312.96735' y='622.1256' elevation='100.0' angle='3.1415927' width='50.0' depth='39.0' height='66.85301' modelSize='204958'/>
  <pieceOfFurniture name='doccia' model='146/doccia.obj' x='-317.8564' y='196.8899' angle='3.1415927' width='150.0' depth='95.0' height='200.0' modelSize='152895'/>
  <pieceOfFurniture name='kleed_grieks' model='148/kleed_grieks.obj' x='-306.7877' y='278.49612' width='109.0' depth='52.0' height='0.7' modelSize='1677158'>
    <texture name='Beige tiles' creator='eTeks' catalogId='eTeks#beigeTile' width='20.0' height='20.0' image='51'/>
  </pieceOfFurniture>
  <pieceOfFurniture name='kleed_grieks' model='148/kleed_grieks.obj' x='-311.64' y='454.1951' angle='1.5707964' width='111.0' depth='66.0' height='0.7' modelSize='1677158'>
    <texture name='Beige tiles' creator='eTeks' catalogId='eTeks#beigeTile' width='20.0' height='20.0' image='51'/>
  </pieceOfFurniture>
  <doorOrWindow catalogId='eTeks#window85x123' name='Small window' creator='eTeks' model='150' x='-397.9564' y='582.18036' elevation='150.0' angle='1.5707963' width='80.0' depth='10.200749' height='80.0' modelSize='9333' movable='false' cutOutShape='M0,0 v1 h1 v-1 z' wallCutOutOnBothSides='true'/>
  <pieceOfFurniture name='mensolaAcero' model='152/mensolaAcero.obj' x='-384.85602' y='553.2459' elevation='150.0' width='16.0' widthInPlan='16.000004' depth='174.0' height='5.0' modelSize='25140'>
    <material name='Box46_1' color='FF3F1200'/>
  </pieceOfFurniture>
  <pieceOfFurniture name='rideau' model='96/rideau.obj' x='237.36444' y='976.14557' elevation='50.0' angle='1.7484555E-7' width='33.0' depth='39.0' height='200.0' modelSize='42857'>
    <material name='flwhite'>
      <texture name='61JDLivu8uL._AC_SX522_' width='300.0' height='257.47128' image='97'/>
    </material>
  </pieceOfFurniture>
  <pieceOfFurniture name='rideau' model='96/rideau.obj' x='237.36438' y='854.08624' elevation='50.0' angle='1.7484555E-7' width='33.0' depth='39.0' height='200.0' modelSize='42857'>
    <material name='flwhite'>
      <texture name='61JDLivu8uL._AC_SX522_' width='300.0' height='257.47128' image='97'/>
    </material>
  </pieceOfFurniture>
  <pieceOfFurniture name='tableauVisage' model='154/tableauVisage.obj' x='251.56479' y='1069.4119' elevation='100.0' angle='1.5707964' width='89.0' depth='10.0' height='100.0' modelSize='9388'/>
  <pieceOfFurniture name='poubelleInox' model='156/poubelleInox.obj' x='-375.73404' y='518.5796' angle='1.5707964' width='29.0' depth='34.244698' height='30.0' modelSize='78538'/>
  <pieceOfFurniture name='clothes-basket' model='158/clothes-basket.obj' x='-202.53136' y='184.73314' width='53.898094' depth='53.77891' height='67.3689' modelSize='215696'/>
  <pieceOfFurniture name='bowlWithFruits' model='160/bowlWithFruits.obj' x='487.8825' y='333.71204' elevation='85.0' width='31.99' depth='33.621002' height='14.056' modelSize='559719'/>
  <pieceOfFurniture name='complements2' model='162/complements2.obj' x='44.056618' y='809.86017' elevation='100.0' width='23.0' depth='17.0' height='20.0' modelSize='360431'/>
  <pieceOfFurniture name='complements2' model='162/complements2.obj' x='42.201332' y='815.2901' elevation='150.0' width='23.0' depth='17.0' height='20.0' modelSize='360431'/>
  <pieceOfFurniture name='complements2' model='162/complements2.obj' x='44.056618' y='805.0031' elevation='50.0' width='23.0' depth='17.0' height='20.0' modelSize='360431'/>
  <pieceOfFurniture name='bonsai-tree' model='164/bonsai-tree.obj' x='-229.63171' y='980.2706' elevation='30.0' width='44.47' depth='38.25' height='42.94' modelSize='597433'/>
  <pieceOfFurniture name='letters_box' model='166/letters_box.obj' x='501.17285' y='688.9635' elevation='150.0' angle='1.1283969E-7' width='31.000002' depth='12.206852' height='40.54856' modelSize='32584'/>
  <pieceOfFurniture name='track-lights' model='168/track-lights.obj' x='-389.4352' y='1030.2408' elevation='150.0' angle='4.712389' width='143.0' depth='15.0' height='1.6687241' modelSize='378712'/>
  <pieceOfFurniture name='newspaper' model='170/newspaper.obj' x='212.62659' y='510.458' elevation='80.0' angle='0.5235988' width='44.0' depth='35.0' height='2.017247' modelSize='31280'/>
  <pieceOfFurniture name='window-blinds' model='172/window-blinds.obj' x='-163.01941' y='1138.4982' elevation='150.0' angle='3.1451204' width='162.0' depth='12.0' height='100.0' modelSize='68519'/>
  <pieceOfFurniture name='window-blinds' model='172/window-blinds.obj' x='-44.670105' y='1138.9156' elevation='150.0' angle='3.1451204' width='162.0' depth='12.0' height='100.0' modelSize='68519'/>
  <pieceOfFurniture name='window-blinds' model='172/window-blinds.obj' x='71.32769' y='1139.3248' elevation='150.0' angle='3.1451204' width='162.0' depth='12.0' height='100.0' modelSize='68519'/>
  <pieceOfFurniture name='window-blinds' model='172/window-blinds.obj' x='634.2236' y='671.8597' elevation='150.0' angle='3.1415927' width='137.0' depth='7.0' height='100.0' modelSize='68519'/>
  <pieceOfFurniture name='window-blinds' model='172/window-blinds.obj' x='793.11304' y='504.58426' elevation='150.0' angle='1.56591' width='133.0' depth='7.0' height='100.0' modelSize='68519'/>
  <pieceOfFurniture name='window-blinds' model='172/window-blinds.obj' x='791.7355' y='206.11311' elevation='150.0' angle='1.5707964' width='141.0' depth='7.0' height='100.0' modelSize='68519'/>
  <pieceOfFurniture name='window-blinds' model='172/window-blinds.obj' x='250.74236' y='910.6512' elevation='150.0' angle='1.56591' width='132.0' depth='11.0' height='100.0' modelSize='68519'/>
  <pieceOfFurniture name='window-blinds' model='172/window-blinds.obj' x='-256.12262' y='-7.055564' elevation='100.0' angle='4.7253036' width='132.0' depth='11.0' height='120.0' modelSize='68519'/>
  <pieceOfFurniture name='kitchenTools' model='174/kitchenTools.obj' x='397.2124' y='65.41379' elevation='140.0' angle='4.712389' width='79.0' depth='16.0' height='31.595001' modelSize='893688'/>
  <pieceOfFurniture name='frame3VerticalSummerPhotos' model='175/frame3VerticalSummerPhotos.obj' x='-147.45746' y='321.14612' elevation='120.0' angle='4.712389' width='125.0' depth='4.0' height='80.0' modelSize='57080'/>
  <pieceOfFurniture name='lustreBoule' model='177/lustreBoule.obj' x='-87.60065' y='923.20386' elevation='200.0' width='30.0' depth='30.0' height='67.64' modelSize='510074'/>
  <pieceOfFurniture name='bouilloire' model='178/bouilloire.obj' x='404.85892' y='20.812218' elevation='85.0' width='16.7' depth='20.24925' height='22.130161' modelSize='121521'/>
  <pieceOfFurniture name='kitchenKnifeStandSet' model='180/kitchenKnifeStandSet.obj' x='766.40497' y='93.31296' elevation='88.0' angle='1.5707964' width='28.0' depth='37.0' depthInPlan='36.999996' height='21.912' modelSize='180504'/>
  <pieceOfFurniture name='keys' model='181/keys.obj' x='184.06982' y='498.28442' elevation='80.0' width='24.0' depth='24.0' height='2.851753' color='FF525252' modelSize='72045'/>
  <pieceOfFurniture name='vase5' model='183/vase5.obj' x='-381.43524' y='892.0243' angle='4.712389' width='70.0' depth='31.0' height='150.0' modelSize='756001'/>
  <pieceOfFurniture name='fluorescent-strip' model='185/fluorescent-strip.obj' x='712.4544' y='13.550049' elevation='150.0' width='74.0' depth='10.0' height='0.334' modelSize='31023'/>
  <light catalogId='eTeks#wallUplight' name='Wall uplight' creator='eTeks' model='53' x='-137.20459' y='434.55872' elevation='165.0' angle='4.712389' width='58.0' depth='24.0' height='26.0' modelSize='5211'/>
  <light catalogId='eTeks#wallUplight' name='Wall uplight' creator='eTeks' model='53' x='-141.47961' y='200.50092' elevation='165.0' angle='4.712389' width='58.0' depth='24.0' height='26.0' modelSize='5211'/>
  <light catalogId='eTeks#wallUplight' name='Wall uplight' creator='eTeks' model='53' x='242.71239' y='218.6698' elevation='165.0' angle='1.5707963' width='58.0' depth='24.0' height='26.0' modelSize='5211'/>
  <pieceOfFurniture name='augalas' model='187/augalas.obj' x='55.706017' y='805.3096' elevation='190.0' width='60.869003' depth='34.899002' height='31.538' modelSize='570616'/>
  <pieceOfFurniture name='plant' model='189/plant.obj' x='-23.929037' y='-54.974598' angle='4.712389' width='81.782' depth='69.020004' height='130.0' modelSize='598218'>
    <material name='pot' color='FF0C0C0C'/>
  </pieceOfFurniture>
  <pieceOfFurniture name='hanging-restaurant-light' model='191/hanging-restaurant-light.obj' x='-276.46143' y='562.8574' elevation='230.0' width='46.0' depth='43.0' height='20.0' color='FFD1D1D1' modelSize='311000'/>
  <pieceOfFurniture name='hanging-restaurant-light' model='191/hanging-restaurant-light.obj' x='-278.40292' y='372.4029' elevation='230.0' width='46.0' depth='43.0' height='20.0' color='FFD1D1D1' modelSize='311000'/>
  <pieceOfFurniture name='hanging-restaurant-light' model='191/hanging-restaurant-light.obj' x='27.531525' y='633.6502' elevation='200.0' width='46.0' depth='43.0' height='50.0' color='FFD1D1D1' modelSize='311000'/>
  <pieceOfFurniture name='hanging-restaurant-light' model='191/hanging-restaurant-light.obj' x='493.45056' y='221.3859' elevation='230.0' width='46.0' depth='43.0' height='20.0' color='FFD1D1D1' modelSize='311000'/>
  <pieceOfFurniture name='hanging-restaurant-light' model='191/hanging-restaurant-light.obj' x='640.9426' y='212.23576' elevation='230.0' width='46.0' depth='43.0' height='20.0' color='FFD1D1D1' modelSize='311000'/>
  <pieceOfFurniture name='hanging-restaurant-light' model='191/hanging-restaurant-light.obj' x='579.29956' y='127.68936' elevation='230.0' width='46.0' depth='43.0' height='20.0' color='FFD1D1D1' modelSize='311000'/>
  <pieceOfFurniture name='hanging-restaurant-light' model='191/hanging-restaurant-light.obj' x='353.6066' y='732.77167' elevation='200.0' width='46.0' depth='43.0' height='50.0' color='FFD1D1D1' modelSize='311000'/>
  <light catalogId='eTeks#wallUplight' name='Wall uplight' creator='eTeks' model='53' x='265.63004' y='649.2895' elevation='165.0' angle='4.712389' width='26.0' depth='6.0' height='26.0' modelSize='5211'/>
  <light catalogId='eTeks#wallUplight' name='Wall uplight' creator='eTeks' model='53' x='269.4818' y='395.48706' elevation='165.0' angle='4.712389' width='26.0' depth='6.0' height='26.0' modelSize='5211'/>
  <pieceOfFurniture name='hanging-restaurant-light' model='191/hanging-restaurant-light.obj' x='-68.65787' y='18.558136' elevation='230.0' width='46.0' depth='43.0' height='20.0' color='FFD1D1D1' modelSize='311000'/>
  <wall id='wall-769d5486-00c7-495c-a28e-df5f1f15a0c0' xStart='592.83044' yStart='362.2095' xEnd='795.3269' yEnd='362.2095' height='250.0' thickness='7.5' pattern='hatchUp' leftSideColor='FFFFFFFF' rightSideColor='FFFFFFFF'/>
  <wall id='wall-5489568d-5512-487e-a36a-cd9204c7cded' wallAtStart='wall-34f51469-deb9-4c38-8d94-15cf2c07dec6' wallAtEnd='wall-faf11bfc-091a-4626-9f93-7d377320955f' xStart='260.3148' yStart='679.11005' xEnd='801.2163' yEnd='679.1101' height='250.0' thickness='7.5' pattern='hatchUp' leftSideColor='FFFFFFFF' rightSideColor='FFFFFFFF'/>
  <wall id='wall-faf11bfc-091a-4626-9f93-7d377320955f' wallAtStart='wall-5489568d-5512-487e-a36a-cd9204c7cded' xStart='801.2163' yStart='679.1101' xEnd='799.3639' yEnd='300.01376' height='250.0' thickness='7.5' pattern='hatchUp' leftSideColor='FFFFFFFF' rightSideColor='FFFFFFFF'/>
  <wall id='wall-91cb2d7d-40b8-451c-8758-a713aa6c2e83' wallAtEnd='wall-d8ff6df8-4faa-4cc0-9c43-69fd3269e5a3' xStart='402.17444' yStart='0.2928772' xEnd='802.17444' yEnd='0.2928772' height='250.0' thickness='7.5' pattern='hatchUp' leftSideColor='FFFFFFFF' rightSideColor='FFFFFFFF'/>
  <wall id='wall-d8ff6df8-4faa-4cc0-9c43-69fd3269e5a3' wallAtStart='wall-91cb2d7d-40b8-451c-8758-a713aa6c2e83' wallAtEnd='wall-1728fc4a-e855-481a-b259-471481ac51ba' xStart='802.17444' yStart='0.2928772' xEnd='385.4624' yEnd='0.292912' height='250.0' thickness='7.5' pattern='hatchUp'/>
  <wall id='wall-1728fc4a-e855-481a-b259-471481ac51ba' wallAtStart='wall-d8ff6df8-4faa-4cc0-9c43-69fd3269e5a3' xStart='385.4624' yStart='0.292912' xEnd='385.4624' yEnd='294.2929' height='250.0' thickness='7.5' pattern='hatchUp' leftSideColor='FFFFFFFF' rightSideColor='FFF0F0F0'/>
  <wall id='wall-cc2d31a7-bd3a-448f-b03e-3915d502d9db' wallAtEnd='wall-5d6f5bb2-ac45-4709-8d16-7c2b941fa28d' xStart='600.50354' yStart='361.98505' xEnd='385.4624' yEnd='361.98508' height='250.0' thickness='7.5' pattern='hatchUp' leftSideColor='FFFFFFFF' rightSideColor='FFFFFFFF'/>
  <wall id='wall-5d6f5bb2-ac45-4709-8d16-7c2b941fa28d' wallAtStart='wall-cc2d31a7-bd3a-448f-b03e-3915d502d9db' xStart='385.4624' yStart='361.98508' xEnd='385.4624' yEnd='290.20953' height='250.0' thickness='7.5' pattern='hatchUp' leftSideColor='FFFFFFFF' rightSideColor='FFFFFFFF'/>
  <wall id='wall-20a94e76-959a-4153-8cec-abe08f868a4a' xStart='590.38434' yStart='335.42462' xEnd='635.08435' yEnd='335.42462' height='250.0' thickness='47.0' arcExtent='0.034906585' pattern='hatchUp'>
    <texture attribute='leftSideTexture' name='stacked-stone-rock-wall-background-david-gn' width='150.0' height='225.21991' image='193'/>
    <texture attribute='rightSideTexture' name='stacked-stone-rock-wall-background-david-gn' width='150.0' height='225.21991' image='193'/>
  </wall>
  <wall id='wall-fda9a459-1418-497f-8f3a-542bb0c24a74' wallAtEnd='wall-72006960-ce03-4c56-8f9c-029bce5a739e' xStart='258.85077' yStart='368.93433' xEnd='258.8508' yEnd='0.292912' height='250.0' thickness='7.5' pattern='hatchUp' topColor='FFFFFFFF' leftSideColor='FFFFFFFF' rightSideColor='FFFFFFFF'/>
  <wall id='wall-72006960-ce03-4c56-8f9c-029bce5a739e' wallAtStart='wall-fda9a459-1418-497f-8f3a-542bb0c24a74' xStart='258.8508' yStart='0.292912' xEnd='385.4624' yEnd='0.292912' height='250.0' thickness='7.5' pattern='hatchUp' leftSideColor='FFFFFFFF' rightSideColor='FFFFFFFF'/>
  <wall id='wall-34f51469-deb9-4c38-8d94-15cf2c07dec6' wallAtStart='wall-5489568d-5512-487e-a36a-cd9204c7cded' wallAtEnd='wall-c452f466-57a3-469f-8bba-debe9b955271' xStart='260.3148' yStart='679.11005' xEnd='260.3148' yEnd='784.11005' height='250.0' thickness='7.5' pattern='hatchUp' leftSideColor='FFFFFFFF' rightSideColor='FFFFFFFF'/>
  <wall id='wall-c452f466-57a3-469f-8bba-debe9b955271' wallAtStart='wall-34f51469-deb9-4c38-8d94-15cf2c07dec6' wallAtEnd='wall-cff46bde-6f26-496e-8b01-aa92bf193afb' xStart='260.3148' yStart='784.11005' xEnd='452.3148' yEnd='784.11005' height='250.0' thickness='7.5' pattern='hatchUp' leftSideColor='FFFFFFFF' rightSideColor='FFFFFFFF'/>
  <wall id='wall-cff46bde-6f26-496e-8b01-aa92bf193afb' wallAtStart='wall-c452f466-57a3-469f-8bba-debe9b955271' xStart='452.3148' yStart='784.11005' xEnd='452.3148' yEnd='679.11005' height='250.0' thickness='7.5' pattern='hatchUp' leftSideColor='FFFFFFFF' rightSideColor='FFFFFFFF'/>
  <wall id='wall-8fe80817-deb6-4dbd-9af3-7f370231915a' wallAtEnd='wall-67f97b69-1457-472f-b5ce-b795b166de58' xStart='260.3148' yStart='786.44196' xEnd='260.3148' yEnd='1152.442' height='250.0' thickness='7.5' pattern='hatchUp' leftSideColor='FFFFFFFF' rightSideColor='FFFFFFFF'/>
  <wall id='wall-67f97b69-1457-472f-b5ce-b795b166de58' wallAtStart='wall-8fe80817-deb6-4dbd-9af3-7f370231915a' wallAtEnd='wall-9c9c143d-31a4-4a5a-aa1f-fc81d1a1c310' xStart='260.3148' yStart='1152.442' xEnd='-400.6852' yEnd='1150.1101' height='250.0' thickness='7.5' pattern='hatchUp' leftSideColor='FFFFFFFF' rightSideColor='FFFFFFFF'/>
  <wall id='wall-9c9c143d-31a4-4a5a-aa1f-fc81d1a1c310' wallAtStart='wall-67f97b69-1457-472f-b5ce-b795b166de58' wallAtEnd='wall-0a2925a5-bc40-4d20-b0d1-03ef6040b7c4' xStart='-400.6852' yStart='1150.1101' xEnd='-400.68524' yEnd='784.11005' height='250.0' thickness='7.5' pattern='hatchUp' leftSideColor='FFFFFFFF' rightSideColor='FFFFFFFF'/>
  <wall id='wall-36412ba3-ad49-468c-a1a8-db51ac894115' wallAtEnd='wall-a3839287-681f-4fe8-b0e2-bc9715678036' xStart='-157.22961' yStart='784.11005' xEnd='-157.22961' yEnd='143.11005' height='250.0' thickness='7.5' pattern='hatchUp' leftSideColor='FFFFFFFF' rightSideColor='FFFFFFFF'/>
  <wall id='wall-a3839287-681f-4fe8-b0e2-bc9715678036' wallAtStart='wall-36412ba3-ad49-468c-a1a8-db51ac894115' xStart='-157.22961' yStart='143.11005' xEnd='258.46237' yEnd='143.11005' height='250.0' thickness='7.5' pattern='hatchUp' leftSideColor='FFFFFFFF' rightSideColor='FFFFFFFF'/>
  <wall id='wall-0a60e80d-0641-4c5b-bb23-eb9855d4e0d6' wallAtEnd='wall-e99401d5-827c-4aa3-a739-3fea0dea5531' xStart='3.2144165' yStart='143.11005' xEnd='1.8311768' yEnd='409.8495' height='250.0' thickness='7.5' pattern='hatchUp' leftSideColor='FFFFFFFF' rightSideColor='FFFFFFFF'/>
  <wall id='wall-77e6f164-2496-430b-8c49-f6f38e166c74' wallAtStart='wall-9a8cb3f6-126d-4513-8a38-625ea4591cef' wallAtEnd='wall-ea8393d9-3dc9-48a4-9a56-1e60e0d316ec' xStart='-267.32867' yStart='144.33728' xEnd='-264.20526' yEnd='-97.50223' height='250.0' thickness='7.5' pattern='hatchUp' leftSideColor='FFFFFFFF' rightSideColor='FFFFFFFF'/>
  <wall id='wall-ea8393d9-3dc9-48a4-9a56-1e60e0d316ec' wallAtStart='wall-77e6f164-2496-430b-8c49-f6f38e166c74' wallAtEnd='wall-1dee3a34-acc2-4e35-9955-33f79ff5bfa6' xStart='-264.20526' yStart='-97.50223' xEnd='260.3148' yEnd='-102.88995' height='250.0' thickness='7.5' pattern='hatchUp' leftSideColor='FFFFFFFF' rightSideColor='FFFFFFFF'/>
  <wall id='wall-1dee3a34-acc2-4e35-9955-33f79ff5bfa6' wallAtStart='wall-ea8393d9-3dc9-48a4-9a56-1e60e0d316ec' xStart='260.3148' yStart='-102.88995' xEnd='260.3148' yEnd='0.2928772' height='250.0' thickness='7.5' pattern='hatchUp' leftSideColor='FFFFFFFF' rightSideColor='FFFFFFFF'/>
  <wall id='wall-9a8cb3f6-126d-4513-8a38-625ea4591cef' wallAtStart='wall-77e6f164-2496-430b-8c49-f6f38e166c74' xStart='-267.32867' yStart='144.33728' xEnd='-160.35303' yEnd='143.12329' height='250.0' thickness='7.5' pattern='hatchUp' leftSideColor='FFFFFFFF' rightSideColor='FFFFFFFF'/>
  <wall id='wall-8f762881-f653-426e-9687-4bc1e5b0bc23' wallAtStart='wall-06f753a1-6360-4a6a-a9b9-a56142051347' xStart='-396.6064' yStart='144.33728' xEnd='-268.50635' yEnd='144.33728' height='250.0' thickness='7.5' pattern='hatchUp' leftSideColor='FFFFFFFF' rightSideColor='FFFFFFFF'/>
  <wall id='wall-2f290e12-1260-4a57-8cab-fa5fab544e3a' xStart='-396.6064' yStart='645.3756' xEnd='-277.6064' yEnd='645.3756' height='250.0' thickness='7.5' pattern='hatchUp' leftSideColor='FFFFFFFF' rightSideColor='FFFFFFFF'/>
  <wall id='wall-fb802300-2b08-40fe-8498-b696f0551420' xStart='258.88004' yStart='365.1574' xEnd='258.88004' yEnd='680.6574' height='250.0' thickness='7.5' pattern='hatchUp'>
    <texture attribute='leftSideTexture' name='mm' width='100.0' height='188.72284' image='32'/>
    <texture attribute='rightSideTexture' name='mm' width='100.0' height='188.72284' image='32'/>
  </wall>
  <wall id='wall-02b2247d-d965-4d13-a63f-55de07c91771' wallAtEnd='wall-a0fc07f9-e608-4765-a845-d33dd4e58213' xStart='798.9855' yStart='0.2928772' xEnd='798.9855' yEnd='222.57812' height='250.0' thickness='7.5' pattern='hatchUp' leftSideColor='FFFDFDFD' rightSideColor='FFFFFFFF'/>
  <wall id='wall-a0fc07f9-e608-4765-a845-d33dd4e58213' wallAtStart='wall-02b2247d-d965-4d13-a63f-55de07c91771' xStart='798.9855' yStart='222.57812' xEnd='798.9855' yEnd='300.01376' height='250.0' thickness='7.5' pattern='hatchUp' leftSideColor='FFFDFDFD' rightSideColor='FFFFFFFF'/>
  <wall id='wall-c00d8578-dc25-4438-b689-d29e0e0cd63e' wallAtStart='wall-0a3507dc-6d00-4aee-8316-6f8917e05619' xStart='-157.22961' yStart='784.11005' xEnd='260.3148' yEnd='784.11005' height='250.0' thickness='7.5' pattern='hatchUp' leftSideColor='FFFFFFFF' rightSideColor='FFFFFFFF'/>
  <wall id='wall-30b75aff-ee50-457a-b3c3-819a6728ee18' wallAtEnd='wall-06f753a1-6360-4a6a-a9b9-a56142051347' xStart='-396.60638' yStart='784.1101' xEnd='-396.60638' yEnd='645.3756' height='250.0' thickness='7.5' pattern='hatchUp' leftSideColor='FFFFFFFF' rightSideColor='FFFFFFFF'/>
  <wall id='wall-06f753a1-6360-4a6a-a9b9-a56142051347' wallAtStart='wall-30b75aff-ee50-457a-b3c3-819a6728ee18' wallAtEnd='wall-8f762881-f653-426e-9687-4bc1e5b0bc23' xStart='-396.60638' yStart='645.3756' xEnd='-396.6064' yEnd='144.33728' height='250.0' thickness='7.5' pattern='hatchUp' leftSideColor='FFFFFFFF' rightSideColor='FFFFFFFF'/>
  <wall id='wall-0a2925a5-bc40-4d20-b0d1-03ef6040b7c4' wallAtStart='wall-9c9c143d-31a4-4a5a-aa1f-fc81d1a1c310' wallAtEnd='wall-0a3507dc-6d00-4aee-8316-6f8917e05619' xStart='-400.68524' yStart='784.11005' xEnd='-396.60638' yEnd='784.11005' height='250.0' thickness='7.5' pattern='hatchUp' leftSideColor='FFFFFFFF' rightSideColor='FFFFFFFF'/>
  <wall id='wall-0a3507dc-6d00-4aee-8316-6f8917e05619' wallAtStart='wall-0a2925a5-bc40-4d20-b0d1-03ef6040b7c4' wallAtEnd='wall-c00d8578-dc25-4438-b689-d29e0e0cd63e' xStart='-396.60638' yStart='784.11005' xEnd='-157.22961' yEnd='784.11005' height='250.0' thickness='7.5' pattern='hatchUp' leftSideColor='FFFFFFFF' rightSideColor='FFFFFFFF'/>
  <wall id='wall-e99401d5-827c-4aa3-a739-3fea0dea5531' wallAtStart='wall-0a60e80d-0641-4c5b-bb23-eb9855d4e0d6' xStart='1.8311768' yStart='409.8495' xEnd='121.83118' yEnd='409.8495' height='250.0' thickness='7.5' pattern='hatchUp'/>
  <wall id='wall-1888d709-e649-448b-8068-d5f29b33eca7' xStart='260.3148' yStart='361.98508' xEnd='383.3148' yEnd='361.98508' height='250.0' thickness='7.5' pattern='hatchUp' leftSideColor='FFFFFFFF' rightSideColor='FFFFFFFF'/>
  <room id='room-bbeb5529-a4dd-409a-9000-e676a8ad1f79' name='spalnica' areaVisible='true' ceilingVisible='false'>
    <texture attribute='floorTexture' name='matt-floor-tile-500x500' width='300.0' height='300.0' image='192'/>
    <point x='-267.90762' y='-101.21484'/>
    <point x='264.0648' y='-106.67866'/>
    <point x='254.71239' y='146.86005'/>
    <point x='-263.52936' y='140.54297'/>
    <point x='-263.52936' y='-101.21484'/>
  </room>
  <room id='room-d13321d7-5f6b-4324-b440-a414c6e17888' name='dnevna' areaVisible='true'>
    <texture attribute='floorTexture' name='matt-floor-tile-500x500' width='300.0' height='300.0' image='192'/>
    <point x='-400.35638' y='782.66693'/>
    <point x='256.5648' y='782.66693'/>
    <point x='256.5648' y='1150.9856'/>
    <point x='-396.9352' y='1148.6802'/>
  </room>
  <room id='room-97573448-a631-4560-844c-8ca6b020e03a' name='hodnik' areaVisible='true' ceilingVisible='false'>
    <texture attribute='floorTexture' name='matt-floor-tile-500x500' width='300.0' height='300.0' image='192'/>
    <point x='-159.72607' y='140.61365'/>
    <point x='248.46594' y='140.61365'/>
    <point x='257.81833' y='781.61365'/>
    <point x='-159.72607' y='774.11365'/>
    <point x='-159.7261' y='141.84088'/>
  </room>
  <room id='room-a45ce4ec-3f7b-459a-bd83-bddac44bd909' name='jedilnica' areaVisible='true'>
    <texture attribute='floorTexture' name='matt-floor-tile-500x500' width='300.0' height='300.0' scale='2.0' image='192'/>
    <point x='263.00363' y='365.73505'/>
    <point x='795.3269' y='358.4595'/>
    <point x='797.44794' y='675.3601'/>
    <point x='263.00363' y='675.36017'/>
  </room>
  <room id='room-1ab0edb2-027a-4dd1-af2f-fff76832eb0f' name='kuhinja' areaVisible='true'>
    <texture attribute='floorTexture' name='matt-floor-tile-500x500' width='300.0' height='300.0' image='192'/>
    <point x='264.51926' y='4.042912'/>
    <point x='804.4813' y='4.042912'/>
    <point x='797.6338' y='358.4595'/>
    <point x='257.81052' y='358.45956'/>
  </room>
  <room id='room-eaa922fa-2040-418c-aa1d-647ce386f780' name='kopalnica' areaVisible='true'>
    <texture attribute='floorTexture' name='matt-floor-tile-500x500' width='300.0' height='300.0' image='192'/>
    <point x='-392.8564' y='148.08728'/>
    <point x='-153.47964' y='148.08728'/>
    <point x='-153.47961' y='780.36005'/>
    <point x='-392.85638' y='780.36005'/>
  </room>
</home>